Classifier/Model,Features,Repetitions,Accuracy,Variance,AccuracyList
LogisticRegression,all,25,0.4344,0.000663,"[0.475, 0.455, 0.445, 0.425, 0.405, 0.46, 0.43, 0.475, 0.435, 0.435, 0.435, 0.405, 0.415, 0.45, 0.45, 0.43, 0.435, 0.405, 0.495, 0.42, 0.45, 0.415, 0.415, 0.425, 0.375]"
MLPClassifier,all,25,0.501,0.001712,"[0.56, 0.535, 0.425, 0.455, 0.48, 0.555, 0.535, 0.54, 0.49, 0.465, 0.52, 0.525, 0.495, 0.58, 0.545, 0.505, 0.5, 0.44, 0.535, 0.465, 0.47, 0.44, 0.45, 0.515, 0.5]"
RandomForestClassifier,all,25,0.4978,0.000754,"[0.495, 0.485, 0.45, 0.47, 0.55, 0.485, 0.48, 0.555, 0.485, 0.48, 0.475, 0.56, 0.49, 0.515, 0.49, 0.495, 0.515, 0.495, 0.515, 0.46, 0.47, 0.515, 0.515, 0.515, 0.485]"
SupportVectorMachine(linear),all,25,0.4602,0.000933,"[0.525, 0.47, 0.43, 0.465, 0.495, 0.445, 0.485, 0.48, 0.495, 0.45, 0.455, 0.455, 0.43, 0.525, 0.46, 0.455, 0.445, 0.425, 0.505, 0.405, 0.43, 0.435, 0.44, 0.465, 0.435]"
SupportVectorMachine(poly),all,25,0.2992,0.002037,"[0.34, 0.32, 0.25, 0.22, 0.32, 0.32, 0.41, 0.275, 0.305, 0.26, 0.305, 0.19, 0.27, 0.34, 0.275, 0.295, 0.335, 0.345, 0.29, 0.34, 0.325, 0.33, 0.25, 0.295, 0.275]"
SupportVectorMachine(rbf),all,25,0.501,0.000998,"[0.55, 0.525, 0.47, 0.505, 0.535, 0.515, 0.505, 0.56, 0.46, 0.485, 0.495, 0.53, 0.485, 0.565, 0.51, 0.495, 0.475, 0.485, 0.53, 0.46, 0.485, 0.44, 0.49, 0.505, 0.465]"
SupportVectorMachine(sigmoid),all,25,0.4098,0.001427,"[0.455, 0.425, 0.32, 0.385, 0.415, 0.425, 0.39, 0.47, 0.43, 0.4, 0.41, 0.4, 0.41, 0.495, 0.44, 0.44, 0.395, 0.37, 0.395, 0.39, 0.345, 0.36, 0.43, 0.445, 0.405]"
