Classifier/Model,Features,Repetitions,Accuracy,Variance,AccuracyList
LogisticRegression,chords,25,0.402,0.001196,"[0.44, 0.38, 0.345, 0.375, 0.44, 0.42, 0.42, 0.43, 0.38, 0.39, 0.405, 0.435, 0.375, 0.44, 0.465, 0.41, 0.395, 0.365, 0.45, 0.395, 0.38, 0.405, 0.385, 0.415, 0.31]"
MLPClassifier,chords,25,0.4106,0.001001,"[0.47, 0.39, 0.365, 0.37, 0.42, 0.42, 0.435, 0.45, 0.43, 0.39, 0.41, 0.42, 0.365, 0.43, 0.425, 0.445, 0.385, 0.375, 0.455, 0.445, 0.41, 0.425, 0.385, 0.405, 0.345]"
RandomForestClassifier,chords,25,0.4582,0.000882,"[0.46, 0.445, 0.435, 0.47, 0.5, 0.46, 0.475, 0.465, 0.445, 0.39, 0.47, 0.525, 0.43, 0.455, 0.455, 0.495, 0.465, 0.455, 0.505, 0.45, 0.435, 0.425, 0.485, 0.455, 0.405]"
SupportVectorMachine(linear),chords,25,0.4052,0.000721,"[0.44, 0.39, 0.345, 0.38, 0.425, 0.435, 0.425, 0.415, 0.395, 0.39, 0.42, 0.39, 0.38, 0.43, 0.455, 0.43, 0.385, 0.38, 0.43, 0.405, 0.435, 0.41, 0.39, 0.395, 0.355]"
SupportVectorMachine(poly),chords,25,0.4412,0.000907,"[0.49, 0.43, 0.37, 0.435, 0.435, 0.49, 0.485, 0.46, 0.45, 0.455, 0.47, 0.47, 0.42, 0.49, 0.455, 0.41, 0.43, 0.41, 0.455, 0.425, 0.41, 0.415, 0.43, 0.43, 0.41]"
SupportVectorMachine(rbf),chords,25,0.4336,0.000765,"[0.435, 0.43, 0.37, 0.42, 0.475, 0.45, 0.455, 0.46, 0.43, 0.41, 0.45, 0.445, 0.425, 0.48, 0.435, 0.465, 0.42, 0.39, 0.435, 0.44, 0.43, 0.435, 0.43, 0.46, 0.365]"
SupportVectorMachine(sigmoid),chords,25,0.2742,0.001013,"[0.23, 0.3, 0.23, 0.265, 0.3, 0.31, 0.205, 0.29, 0.275, 0.275, 0.325, 0.255, 0.27, 0.26, 0.3, 0.29, 0.275, 0.275, 0.29, 0.29, 0.265, 0.235, 0.235, 0.35, 0.26]"
